[
  {
    "Customer ID": 1,
    "Customer Name": "Alya Maharani",
    "Email": "alya.maharani@gmail.com",
    "Phone": "+6281111111101",
    "Loyalty": "Silver"
  },
  {
    "Customer ID": 2,
    "Customer Name": "Bayu Kurnia",
    "Email": "bayukurnia@gmail.com",
    "Phone": "+6281111111102",
    "Loyalty": "Gold"
  },
  {
    "Customer ID": 3,
    "Customer Name": "Citra Lestari",
    "Email": "citra.lestari@gmail.com",
    "Phone": "+6281111111103",
    "Loyalty": "Bronze"
  },
  {
    "Customer ID": 4,
    "Customer Name": "Dian Wahyuni",
    "Email": "dianwahyuni@gmail.com",
    "Phone": "+6281111111104",
    "Loyalty": "Silver"
  },
  {
    "Customer ID": 5,
    "Customer Name": "Eka Prabowo",
    "Email": "ekaprabowo@gmail.com",
    "Phone": "+6281111111105",
    "Loyalty": "Gold"
  },
  {
    "Customer ID": 6,
    "Customer Name": "Fajar Nugroho",
    "Email": "fajarnugroho@gmail.com",
    "Phone": "+6281111111106",
    "Loyalty": "Bronze"
  },
  {
    "Customer ID": 7,
    "Customer Name": "Gita Anjani",
    "Email": "gita.anjani@gmail.com",
    "Phone": "+6281111111107",
    "Loyalty": "Gold"
  },
  {
    "Customer ID": 8,
    "Customer Name": "Hadi Santosa",
    "Email": "hadisantosa@gmail.com",
    "Phone": "+6281111111108",
    "Loyalty": "Silver"
  },
  {
    "Customer ID": 9,
    "Customer Name": "Indah Permata",
    "Email": "indahpermata@gmail.com",
    "Phone": "+6281111111109",
    "Loyalty": "Bronze"
  },
  {
    "Customer ID": 10,
    "Customer Name": "Joko Riyadi",
    "Email": "jokoriyadi@gmail.com",
    "Phone": "+6281111111110",
    "Loyalty": "Gold"
  },
  {
    "Customer ID": 11,
    "Customer Name": "Kiki Amelia",
    "Email": "kikiamelia@gmail.com",
    "Phone": "+6281111111111",
    "Loyalty": "Silver"
  },
  {
    "Customer ID": 12,
    "Customer Name": "Lukman Hakim",
    "Email": "lukmanhakim@gmail.com",
    "Phone": "+6281111111112",
    "Loyalty": "Bronze"
  },
  {
    "Customer ID": 13,
    "Customer Name": "Melati Ayu",
    "Email": "melatiayu@gmail.com",
    "Phone": "+6281111111113",
    "Loyalty": "Gold"
  },
  {
    "Customer ID": 14,
    "Customer Name": "Nanda Wijaya",
    "Email": "nandawijaya@gmail.com",
    "Phone": "+6281111111114",
    "Loyalty": "Silver"
  },
  {
    "Customer ID": 15,
    "Customer Name": "Oki Saputra",
    "Email": "okisaputra@gmail.com",
    "Phone": "+6281111111115",
    "Loyalty": "Bronze"
  },
  {
    "Customer ID": 16,
    "Customer Name": "Putri Handayani",
    "Email": "putrihandayani@gmail.com",
    "Phone": "+6281111111116",
    "Loyalty": "Gold"
  },
  {
    "Customer ID": 17,
    "Customer Name": "Qory Ramadhani",
    "Email": "qoryramadhani@gmail.com",
    "Phone": "+6281111111117",
    "Loyalty": "Silver"
  },
  {
    "Customer ID": 18,
    "Customer Name": "Rizal Aditya",
    "Email": "rizaladitya@gmail.com",
    "Phone": "+6281111111118",
    "Loyalty": "Bronze"
  },
  {
    "Customer ID": 19,
    "Customer Name": "Salsa Fitriani",
    "Email": "salsafitriani@gmail.com",
    "Phone": "+6281111111119",
    "Loyalty": "Gold"
  },
  {
    "Customer ID": 20,
    "Customer Name": "Teguh Prasetyo",
    "Email": "teguhprasetyo@gmail.com",
    "Phone": "+6281111111120",
    "Loyalty": "Silver"
  }
]
