[
    { "Order ID": 1, "Customer ID": 12, "Status": "Completed", "Total Price": "Rp 85.000", "Order Date": "2025-05-01" },
    { "Order ID": 2, "Customer ID": 5, "Status": "Pending", "Total Price": "Rp 142.000", "Order Date": "2025-05-02" },
    { "Order ID": 3, "Customer ID": 17, "Status": "Completed", "Total Price": "Rp 310.500", "Order Date": "2025-05-03" },
    { "Order ID": 4, "Customer ID": 9, "Status": "Cancelled", "Total Price": "Rp 75.000", "Order Date": "2025-05-04" },
    { "Order ID": 5, "Customer ID": 3, "Status": "Completed", "Total Price": "Rp 220.000", "Order Date": "2025-05-05" },
    { "Order ID": 6, "Customer ID": 20, "Status": "Pending", "Total Price": "Rp 195.000", "Order Date": "2025-05-06" },
    { "Order ID": 7, "Customer ID": 11, "Status": "Completed", "Total Price": "Rp 129.900", "Order Date": "2025-05-07" },
    { "Order ID": 8, "Customer ID": 4, "Status": "Cancelled", "Total Price": "Rp 255.000", "Order Date": "2025-05-08" },
    { "Order ID": 9, "Customer ID": 2, "Status": "Pending", "Total Price": "Rp 99.500", "Order Date": "2025-05-09" },
    { "Order ID": 10, "Customer ID": 15, "Status": "Completed", "Total Price": "Rp 188.000", "Order Date": "2025-05-10" },
    { "Order ID": 11, "Customer ID": 7, "Status": "Completed", "Total Price": "Rp 275.000", "Order Date": "2025-05-11" },
    { "Order ID": 12, "Customer ID": 21, "Status": "Pending", "Total Price": "Rp 350.000", "Order Date": "2025-05-12" },
    { "Order ID": 13, "Customer ID": 6, "Status": "Cancelled", "Total Price": "Rp 90.000", "Order Date": "2025-05-13" },
    { "Order ID": 14, "Customer ID": 8, "Status": "Completed", "Total Price": "Rp 245.000", "Order Date": "2025-05-14" },
    { "Order ID": 15, "Customer ID": 10, "Status": "Pending", "Total Price": "Rp 310.000", "Order Date": "2025-05-15" },
    { "Order ID": 16, "Customer ID": 13, "Status": "Completed", "Total Price": "Rp 172.500", "Order Date": "2025-05-16" },
    { "Order ID": 17, "Customer ID": 24, "Status": "Cancelled", "Total Price": "Rp 380.000", "Order Date": "2025-05-17" },
    { "Order ID": 18, "Customer ID": 16, "Status": "Completed", "Total Price": "Rp 149.000", "Order Date": "2025-05-18" },
    { "Order ID": 19, "Customer ID": 18, "Status": "Pending", "Total Price": "Rp 275.000", "Order Date": "2025-05-19" },
    { "Order ID": 20, "Customer ID": 19, "Status": "Completed", "Total Price": "Rp 320.000", "Order Date": "2025-05-20" },
    { "Order ID": 21, "Customer ID": 23, "Status": "Cancelled", "Total Price": "Rp 410.000", "Order Date": "2025-05-21" },
    { "Order ID": 22, "Customer ID": 1, "Status": "Pending", "Total Price": "Rp 230.000", "Order Date": "2025-05-22" },
    { "Order ID": 23, "Customer ID": 25, "Status": "Completed", "Total Price": "Rp 200.000", "Order Date": "2025-05-23" },
    { "Order ID": 24, "Customer ID": 22, "Status": "Cancelled", "Total Price": "Rp 370.000", "Order Date": "2025-05-24" },
    { "Order ID": 25, "Customer ID": 14, "Status": "Completed", "Total Price": "Rp 195.000", "Order Date": "2025-05-25" },
    { "Order ID": 26, "Customer ID": 26, "Status": "Pending", "Total Price": "Rp 150.000", "Order Date": "2025-05-26" },
    { "Order ID": 27, "Customer ID": 30, "Status": "Cancelled", "Total Price": "Rp 200.000", "Order Date": "2025-05-27" },
    { "Order ID": 28, "Customer ID": 27, "Status": "Completed", "Total Price": "Rp 175.000", "Order Date": "2025-05-28" },
    { "Order ID": 29, "Customer ID": 28, "Status": "Pending", "Total Price": "Rp 290.000", "Order Date": "2025-05-29" },
    { "Order ID": 30, "Customer ID": 29, "Status": "Completed", "Total Price": "Rp 210.000", "Order Date": "2025-05-30" }
  ]
  