[
  {
    "id": 1,
    "name": "PT Sumber Makmur",
    "email": "info@sumbermakmur.com",
    "phone": "+6281234567890",
    "address": "Jl. Merdeka No.1, Jakarta",
    "products": "Beras, Gula"
  },
  {
    "id": 2,
    "name": "CV Maju Jaya",
    "email": "contact@majujaya.com",
    "phone": "+6281234567891",
    "address": "Jl. Melati No.10, Bandung",
    "products": "Minyak, Tepung"
  },
  {
    "id": 3,
    "name": "UD Segar Abadi",
    "email": "admin@segarabadi.com",
    "phone": "+6281234567892",
    "address": "Jl. Kenanga No.5, Surabaya",
    "products": "Sayur, Buah"
  },
  {
    "id": 4,
    "name": "PT Agro Nusantara",
    "email": "sales@agronusantara.com",
    "phone": "+6281234567893",
    "address": "Jl. Bunga Raya No.3, Medan",
    "products": "Kopi, Teh"
  },
  {
    "id": 5,
    "name": "CV Indo Fresh",
    "email": "fresh@indofresh.com",
    "phone": "+6281234567894",
    "address": "Jl. Mawar No.7, Bali",
    "products": "Buah-buahan, Sayuran"
  },
  {
    "id": 6,
    "name": "PT Sejahtera Abadi",
    "email": "admin@sejahteraabadi.com",
    "phone": "+6281234567895",
    "address": "Jl. Pahlawan No.15, Semarang",
    "products": "Sembako"
  },
  {
    "id": 7,
    "name": "CV Berkah Sentosa",
    "email": "contact@berkahsentosa.com",
    "phone": "+6281234567896",
    "address": "Jl. Anggrek No.2, Malang",
    "products": "Daging, Ikan"
  },
  {
    "id": 8,
    "name": "UD Sumber Rejeki",
    "email": "sumber@rejeki.com",
    "phone": "+6281234567897",
    "address": "Jl. Melur No.6, Palembang",
    "products": "Minuman, Snack"
  },
  {
    "id": 9,
    "name": "PT Mitra Pangan",
    "email": "mitra@pangan.com",
    "phone": "+6281234567898",
    "address": "Jl. Teratai No.4, Makassar",
    "products": "Susu, Roti"
  },
  {
    "id": 10,
    "name": "CV Murni Jaya",
    "email": "murni@jaya.com",
    "phone": "+6281234567899",
    "address": "Jl. Cemara No.12, Yogyakarta",
    "products": "Gula, Garam"
  },
  {
    "id": 11,
    "name": "PT Dwi Putra",
    "email": "info@dwiputra.com",
    "phone": "+6281234567800",
    "address": "Jl. Dahlia No.8, Manado",
    "products": "Minyak, Beras"
  },
  {
    "id": 12,
    "name": "CV Tani Maju",
    "email": "tani@maju.com",
    "phone": "+6281234567801",
    "address": "Jl. Flamboyan No.14, Padang",
    "products": "Sayur, Buah"
  },
  {
    "id": 13,
    "name": "UD Rejeki Abadi",
    "email": "rejeki@abadi.com",
    "phone": "+6281234567802",
    "address": "Jl. Sakura No.5, Balikpapan",
    "products": "Sembako, Minuman"
  },
  {
    "id": 14,
    "name": "PT Bumi Asri",
    "email": "contact@bumiasri.com",
    "phone": "+6281234567803",
    "address": "Jl. Kenari No.7, Pekanbaru",
    "products": "Daging, Frozen Food"
  },
  {
    "id": 15,
    "name": "CV Indo Prima",
    "email": "sales@indoprima.com",
    "phone": "+6281234567804",
    "address": "Jl. Mangga No.9, Pontianak",
    "products": "Roti, Susu"
  },
  {
    "id": 16,
    "name": "UD Maju Terus",
    "email": "maju@terus.com",
    "phone": "+6281234567805",
    "address": "Jl. Jeruk No.3, Banjarmasin",
    "products": "Beras, Minyak"
  },
  {
    "id": 17,
    "name": "PT Citra Niaga",
    "email": "citra@niaga.com",
    "phone": "+6281234567806",
    "address": "Jl. Apel No.6, Samarinda",
    "products": "Teh, Kopi"
  },
  {
    "id": 18,
    "name": "CV Sinar Baru",
    "email": "sinar@baru.com",
    "phone": "+6281234567807",
    "address": "Jl. Durian No.2, Cirebon",
    "products": "Snack, Minuman"
  },
  {
    "id": 19,
    "name": "UD Berkah Mulia",
    "email": "berkah@mulia.com",
    "phone": "+6281234567808",
    "address": "Jl. Jambu No.1, Maluku",
    "products": "Buah-buahan, Sayur"
  },
  {
    "id": 20,
    "name": "PT Sentosa Jaya",
    "email": "sentosa@jaya.com",
    "phone": "+6281234567809",
    "address": "Jl. Pepaya No.11, NTB",
    "products": "Garam, Gula"
  }
]
